{
   "Holly-Anne": [
      33,
      "failed"
   ],
   "Caty": [
      36,
      "failed"
   ],
   "Dorelia": [
      100,
      "passed"
   ],
   "Diannne": [
      19,
      "failed"
   ],
   "Dinah": [
      81,
      "passed"
   ],
   "Dione": [
      72,
      "failed"
   ],
   "Ibby": [
      33,
      "failed"
   ],
   "Dela": [
      11,
      "failed"
   ],
   "Ivy": [
      56,
      "failed"
   ],
   "Freddi": [
      38,
      "failed"
   ],
   "Dorian": [
      59,
      "failed"
   ],
   "Donica": [
      96,
      "passed"
   ],
   "Dianna": [
      18,
      "failed"
   ],
   "Desdemona": [
      30,
      "failed"
   ],
   "Irina": [
      10,
      "failed"
   ],
   "Catlaina": [
      26,
      "failed"
   ],
   "Cary": [
      12,
      "failed"
   ],
   "Dominga": [
      60,
      "failed"
   ],
   "Eloise": [
      67,
      "failed"
   ],
   "Deidre": [
      16,
      "failed"
   ],
   "Ingeberg": [
      96,
      "passed"
   ],
   "Dominique": [
      62,
      "failed"
   ],
   "Ivett": [
      100,
      "passed"
   ],
   "Ellie": [
      48,
      "failed"
   ],
   "Celestine": [
      62,
      "failed"
   ],
   "Cathyleen": [
      40,
      "failed"
   ],
   "Inga": [
      100,
      "passed"
   ],
   "Elnore": [
      48,
      "failed"
   ],
   "Ilyse": [
      34,
      "failed"
   ],
   "Idalina": [
      14,
      "failed"
   ],
   "Dionis": [
      22,
      "failed"
   ],
   "Fredericka": [
      33,
      "failed"
   ],
   "Irene": [
      87,
      "passed"
   ],
   "Catarina": [
      58,
      "failed"
   ],
   "Celinda": [
      59,
      "failed"
   ],
   "Fifi": [
      69,
      "failed"
   ],
   "Inna": [
      41,
      "failed"
   ],
   "Delcine": [
      58,
      "failed"
   ],
   "Isis": [
      53,
      "failed"
   ],
   "Iris": [
      20,
      "failed"
   ],
   "Ileana": [
      92,
      "passed"
   ],
   "Franny": [
      27,
      "failed"
   ],
   "Cecil": [
      55,
      "failed"
   ],
   "Florence": [
      18,
      "failed"
   ],
   "Hyacinthia": [
      98,
      "passed"
   ],
   "Dinnie": [
      23,
      "failed"
   ],
   "Denyse": [
      73,
      "failed"
   ],
   "Denna": [
      81,
      "passed"
   ],
   "Ilene": [
      37,
      "failed"
   ],
   "Edyth": [
      39,
      "failed"
   ],
   "Ingrid": [
      99,
      "passed"
   ],
   "Fionnula": [
      79,
      "passed"
   ],
   "Dena": [
      81,
      "passed"
   ],
   "Donnie": [
      52,
      "failed"
   ],
   "Freda": [
      15,
      "failed"
   ],
   "Delinda": [
      87,
      "passed"
   ],
   "Deirdre": [
      14,
      "failed"
   ],
   "Isidora": [
      40,
      "failed"
   ],
   "Cayla": [
      88,
      "passed"
   ],
   "Fredrika": [
      68,
      "failed"
   ],
   "Delphinia": [
      39,
      "failed"
   ],
   "Gabriel": [
      30,
      "failed"
   ],
   "Inger": [
      91,
      "passed"
   ],
   "Dorene": [
      99,
      "passed"
   ],
   "Catie": [
      58,
      "failed"
   ],
   "Isabelita": [
      64,
      "failed"
   ],
   "Inessa": [
      92,
      "passed"
   ],
   "Catherin": [
      28,
      "failed"
   ],
   "Della": [
      30,
      "failed"
   ],
   "Ilka": [
      10,
      "failed"
   ],
   "Isahella": [
      67,
      "failed"
   ],
   "Floria": [
      84,
      "passed"
   ],
   "Dolli": [
      30,
      "failed"
   ],
   "Celinka": [
      25,
      "failed"
   ],
   "Elenore": [
      66,
      "failed"
   ],
   "Cathe": [
      53,
      "failed"
   ],
   "Dori": [
      90,
      "passed"
   ],
   "Donni": [
      13,
      "failed"
   ],
   "Caterina": [
      60,
      "failed"
   ],
   "Gabbi": [
      84,
      "passed"
   ],
   "Idell": [
      73,
      "failed"
   ],
   "Diane-Marie": [
      13,
      "failed"
   ],
   "Dode": [
      31,
      "failed"
   ],
   "Diandra": [
      92,
      "passed"
   ],
   "Denise": [
      56,
      "failed"
   ],
   "Fred": [
      88,
      "passed"
   ],
   "Doralynne": [
      41,
      "failed"
   ],
   "Elie": [
      55,
      "failed"
   ],
   "Irita": [
      40,
      "failed"
   ],
   "Freida": [
      87,
      "passed"
   ],
   "Doralyn": [
      49,
      "failed"
   ],
   "Florencia": [
      52,
      "failed"
   ],
   "Isa": [
      46,
      "failed"
   ],
   "Fran": [
      80,
      "passed"
   ],
   "Diena": [
      18,
      "failed"
   ],
   "Dianemarie": [
      82,
      "passed"
   ],
   "Doll": [
      82,
      "passed"
   ],
   "Ibbie": [
      70,
      "failed"
   ],
   "Catrina": [
      11,
      "failed"
   ],
   "Ida": [
      70,
      "failed"
   ],
   "Catherina": [
      91,
      "passed"
   ],
   "Isadora": [
      54,
      "failed"
   ],
   "Cassaundra": [
      45,
      "failed"
   ],
   "Elfrieda": [
      80,
      "passed"
   ],
   "Fulvia": [
      22,
      "failed"
   ],
   "Francene": [
      36,
      "failed"
   ],
   "Florri": [
      23,
      "failed"
   ],
   "Elianore": [
      45,
      "failed"
   ],
   "Elena": [
      93,
      "passed"
   ],
   "Freddie": [
      32,
      "failed"
   ],
   "Donetta": [
      64,
      "failed"
   ],
   "Diane": [
      81,
      "passed"
   ],
   "Isobel": [
      77,
      "passed"
   ],
   "Catlee": [
      69,
      "failed"
   ],
   "Eleanore": [
      65,
      "failed"
   ],
   "Celestina": [
      81,
      "passed"
   ],
   "Catharina": [
      25,
      "failed"
   ],
   "Hortensia": [
      91,
      "passed"
   ],
   "Inge": [
      77,
      "passed"
   ],
   "Inez": [
      35,
      "failed"
   ],
   "Ellette": [
      51,
      "failed"
   ],
   "Hollyanne": [
      88,
      "passed"
   ],
   "Doe": [
      54,
      "failed"
   ],
   "Cate": [
      77,
      "passed"
   ],
   "Issy": [
      27,
      "failed"
   ],
   "Didi": [
      10,
      "failed"
   ],
   "Flossy": [
      100,
      "passed"
   ],
   "Dollie": [
      39,
      "failed"
   ],
   "Casi": [
      95,
      "passed"
   ],
   "Illa": [
      38,
      "failed"
   ],
   "Dian": [
      46,
      "failed"
   ],
   "Irena": [
      65,
      "failed"
   ],
   "Elayne": [
      44,
      "failed"
   ],
   "Catriona": [
      77,
      "passed"
   ],
   "Electra": [
      85,
      "passed"
   ],
   "Deny": [
      23,
      "failed"
   ],
   "Casie": [
      20,
      "failed"
   ],
   "Ira": [
      62,
      "failed"
   ],
   "Dorelle": [
      95,
      "passed"
   ],
   "Elizabet": [
      92,
      "passed"
   ],
   "Donna": [
      86,
      "passed"
   ],
   "Dorey": [
      89,
      "passed"
   ],
   "Ella": [
      16,
      "failed"
   ],
   "Elli": [
      51,
      "failed"
   ],
   "Elke": [
      18,
      "failed"
   ],
   "Ivory": [
      25,
      "failed"
   ],
   "Catharine": [
      60,
      "failed"
   ],
   "Devi": [
      76,
      "passed"
   ],
   "Elisabetta": [
      48,
      "failed"
   ],
   "Fleur": [
      39,
      "failed"
   ],
   "Iolanthe": [
      20,
      "failed"
   ],
   "Del": [
      20,
      "failed"
   ],
   "Dore": [
      73,
      "failed"
   ],
   "Elizabeth": [
      95,
      "passed"
   ],
   "Fiona": [
      67,
      "failed"
   ],
   "Gabriella": [
      93,
      "passed"
   ],
   "Ilysa": [
      61,
      "failed"
   ],
   "Elane": [
      75,
      "failed"
   ],
   "Delly": [
      59,
      "failed"
   ],
   "Cassi": [
      95,
      "passed"
   ],
   "Florrie": [
      100,
      "passed"
   ],
   "Cassy": [
      88,
      "passed"
   ],
   "Hynda": [
      100,
      "passed"
   ],
   "Elaine": [
      79,
      "passed"
   ],
   "Elberta": [
      97,
      "passed"
   ],
   "Celine": [
      55,
      "failed"
   ],
   "Doretta": [
      51,
      "failed"
   ],
   "Diahann": [
      94,
      "passed"
   ],
   "Francisca": [
      33,
      "failed"
   ],
   "Celestyna": [
      97,
      "passed"
   ],
   "Imogene": [
      17,
      "failed"
   ],
   "Cathleen": [
      59,
      "failed"
   ],
   "Desiree": [
      26,
      "failed"
   ],
   "Caye": [
      93,
      "passed"
   ],
   "Elissa": [
      71,
      "failed"
   ],
   "Isabel": [
      69,
      "failed"
   ],
   "Celene": [
      21,
      "failed"
   ],
   "Gabey": [
      50,
      "failed"
   ],
   "Deena": [
      51,
      "failed"
   ],
   "Flore": [
      18,
      "failed"
   ],
   "Elle": [
      88,
      "passed"
   ],
   "Idelle": [
      54,
      "failed"
   ],
   "Demetris": [
      70,
      "failed"
   ],
   "Doralia": [
      51,
      "failed"
   ],
   "Florina": [
      74,
      "failed"
   ],
   "Celeste": [
      92,
      "passed"
   ],
   "Dora": [
      61,
      "failed"
   ],
   "Eilis": [
      35,
      "failed"
   ]
}